{
  "page": [
    {
      "page": "GEO Export and Import -Leading Vegetable Exporters in India",
      "describe": "Looking for trustworthy exporters? GEO export and import is the only place to go. We are dedicated to providing fresh and high quality vegetables."
    },

    {
      "page": "GEO - Your Trusted Export Partner | About Us",
      "describe": "GEO provides all solutions to satisfy our clients and be a relaibale vegetable exporter. Discover why businessess all across the world choose to work with us."
    },
    {
      "page": "GEO - Fresh and Nutritious Vegetables",
      "describe": " At GEO, we take great satisfaction in being a relaibale fresh vegetable exporter, providing a wide variety of products that satisfies the highest standards."
    },
    {
      "page": "GEO | Blog - Vegtable Exporters INsights and Advice",
      "describe": "GEO's blog kepps you up to date on insights into the vegetabke exporting marker. For your business's growth, our expertx give helpful advuce on logistics."
    },
    {
      "page": "Contact Us | GEO - International Exports of Fresh Vegetables",
      "describe": "Get in touch with us right now to make use of our first-rate servicess and learn more about working with us."
    }
  ]
}
